,ST-8C6-1,ST-8C3-1,ST-A19-1,LT-1,PT-4DB-1,PT-919-1,rain-1,cycle-exp-1,outdoor-RH-1,AH-1,VT-1,net-Rad-1,water-1,LT-B5D-1,outdoor-T-1,RH-1,CO2-1,GT-1,PT-C8F-1,sensor-PAR-1,PAR-055-1,ST-8C6,ST-8C3,ST-A19,LT,PT-4DB,PT-919,rain,cycle-exp,outdoor-RH,AH,VT,net-Rad,water,LT-B5D,outdoor-T,RH,CO2,GT,PT-C8F,sensor-PAR,PAR-055
0,-0.007033505153608402,-0.018040389089951973,-0.019810414366374162,-0.01984997990853095,-0.01957210015000383,-0.025508973315439065,-0.008523690279321055,0.0018796425237002793,-0.011533701689122914,-0.027007839891230283,0.0027637121369278985,-0.0198489598224383,-0.03256310798410554,-0.042583227992073716,-0.0319531633538137,-0.008084748146396734,0.0094283450990613,-0.025886729172680596,-0.021899340728352347,-0.019301255456095102,-0.016670376822580695,-0.007869075196402611,-0.025978802863691402,-0.026824529981535353,-0.03026557646231446,-0.02943416016759689,-0.030856164910529595,0.03814413217347952,0.0013938137944706356,0.013625753004118892,-0.031156651035344648,0.0033694927495792663,-0.02962893331854636,-0.03895128273580083,-0.0676434106529872,-0.0448985183190799,0.004870712887544324,0.014565250131806894,-0.03332940108048561,-0.033026269097411506,-0.020348987142875342,-0.02274208310919604
